,battFast_adap,battFast_aggr,battSlow_throt
0,1.0,1.0,1.0
1,1.0,1.0,1.0
2,1.0,1.0,1.0
3,1.0,1.0,1.0
4,1.0,1.0,1.0
5,1.0,1.0,1.0
6,1.0,1.0,1.0
7,1.0,1.0,1.0
8,1.0,1.0,1.0
9,1.0,1.0,1.0
10,1.0,1.0,1.0
11,1.0,1.0,1.0
12,0.998389122373,0.998389122373,0.998389122373
13,0.996353336312,0.996353336312,0.996353336312
14,0.994391194788,0.994391194788,0.994391194788
15,0.992386653165,0.992386653165,0.992386653165
16,0.990350310273,0.990350310273,0.990350310273
17,0.9885027375,0.9885027375,0.9885027375
18,0.988519775907,0.988519775907,0.988519775907
19,0.998519775907,0.998519775907,0.998519775907
20,1.0,1.0,1.0
21,0.99833379473,0.99833379473,0.99833379473
22,0.994650020236,0.994650020236,0.994650020236
23,1.0,1.0,1.0
24,1.0,1.0,1.0
25,1.0,1.0,1.0
26,1.0,1.0,1.0
27,1.0,1.0,1.0
28,1.0,1.0,1.0
29,1.0,1.0,1.0
30,1.0,1.0,1.0
31,0.997763808475,0.997763808475,0.997763808475
32,1.0,1.0,1.0
33,1.0,1.0,1.0
34,0.98935522055,0.98935522055,0.996592473959
35,0.983251965329,0.983251965329,0.996535957252
36,0.977294468796,0.977294468796,0.990578874086
37,0.971256935018,0.971256935018,0.990557471098
38,0.978255466643,0.978255466643,0.997556002723
39,0.984975352549,0.984975352549,1.0
40,0.978951552627,0.978951552627,0.999985598682
41,0.985912612846,0.985912612846,1.0
42,0.992731234096,0.992731234096,1.0
43,0.986797527777,0.986797527777,0.994067436856
44,0.993746106261,0.993746106261,1.0
45,1.0,1.0,1.0
46,0.994440667565,0.994440667565,0.994441738897
47,0.988185686799,0.988185686799,0.99430064128
48,0.982462631686,0.982462631686,0.988578945176
49,0.989292558905,0.989292558905,0.995408872395
50,0.996020793061,0.996020793061,1.0
51,0.989450982398,0.989450982398,0.999661398779
52,0.996315426023,0.996315426023,1.0
53,1.0,1.0,1.0
54,0.995525600535,0.995525600535,0.995526828111
55,0.991759684115,0.991759684115,0.991761945155
56,0.998621296256,0.998621296256,0.998623557296
57,1.0,1.0,1.0
58,0.996479350612,0.996479350612,0.996480317011
59,0.993066936477,0.993066936477,0.993068839797
60,0.993579006008,0.993579006008,0.993580909329
61,0.993568710328,0.993568710328,0.993570616475
62,0.993245580356,0.993245580356,0.993247575257
63,0.993544448138,0.993544448138,0.993546443039
64,0.993232336248,0.993232336248,0.993234416892
65,0.992891480318,0.992891480318,0.99289365462
66,0.991995197879,0.991995197879,0.991997618503
67,1.0,1.0,1.0
68,1.0,1.0,1.0
69,1.0,1.0,1.0
70,1.0,1.0,1.0
71,1.0,1.0,1.0
72,1.0,1.0,1.0
73,1.0,1.0,1.0
74,0.999971192172,0.999971192172,0.999971200091
75,0.999256523614,0.999256523614,0.999256728013
76,0.998882530772,0.998882530772,0.998882838013
77,1.0,1.0,1.0
78,1.0,1.0,1.0
79,0.99845504013,0.99845504013,0.99845546505
80,0.991250655179,0.991250655179,0.997688658135
81,0.983944965188,0.983944965188,0.996850468535
82,0.976679912379,0.976679912379,0.996041839095
83,0.970033803389,0.970033803389,0.995660577628
84,0.976958393264,0.976958393264,1.0
85,0.969753056653,0.969753056653,0.99923494954
86,0.974820436247,0.974820436247,1.0
87,0.964802903149,0.964802903149,0.997107616113
88,0.955281619555,0.955281619555,0.994604890259
89,0.962053405087,0.962053405087,1.0
90,0.968849356087,0.968849356087,1.0
91,0.959963354078,0.959963354078,0.997989502833
92,0.965622019703,0.965622019703,1.0
93,0.971911381891,0.971911381891,1.0
94,0.978692919672,0.978692919672,1.0
95,0.985517336266,0.985517336266,1.0
96,0.979719506969,0.979719506969,0.994204992993
97,0.985204202219,0.985204202219,0.999689688243
98,0.977009359289,0.977009359289,0.998204869366
99,0.983852539992,0.983852539992,1.0
100,0.990736232554,0.990736232554,1.0
101,0.98531623921,0.98531623921,0.994582774437
102,0.992112314616,0.992112314616,1.0
103,0.997362604585,0.997362604585,1.0
104,1.0,1.0,1.0
105,1.0,1.0,1.0
106,1.0,1.0,1.0
107,1.0,1.0,1.0
108,1.0,1.0,1.0
109,1.0,1.0,1.0
110,1.0,1.0,1.0
111,1.0,1.0,1.0
112,1.0,1.0,1.0
113,1.0,1.0,1.0
114,1.0,1.0,1.0
115,1.0,1.0,1.0
116,1.0,1.0,1.0
117,0.992568394834,0.992568394834,0.999077751505
118,0.9847066236,0.9847066236,0.997842549403
119,0.976948197388,0.976948197388,0.996684037483
120,0.974558363439,0.974558363439,0.994295613649
121,0.972204695088,0.972204695088,0.991943334406
122,0.970311402137,0.970311402137,0.990051159123
123,0.970294979299,0.970294979299,0.990034745982
124,0.980294979299,0.980294979299,1.0
125,0.990294979299,0.990294979299,1.0
126,0.991003244892,0.991003244892,1.0
127,0.991714286799,0.991714286799,1.0
128,1.0,1.0,1.0
129,1.0,1.0,1.0
130,1.0,1.0,1.0
131,1.0,1.0,1.0
132,1.0,1.0,1.0
133,1.0,1.0,1.0
134,1.0,1.0,1.0
135,1.0,1.0,1.0
136,1.0,1.0,1.0
137,1.0,1.0,1.0
138,1.0,1.0,1.0
139,0.995148710277,0.995148710277,0.99515157521
140,0.988787910047,0.988787910047,0.994961578163
141,0.982578539731,0.982578539731,0.994862800978
142,0.976248581313,0.976248581313,0.994692751106
143,0.983074299907,0.983074299907,1.0
144,0.989625450438,0.989625450438,1.0
145,0.983292464478,0.983292464478,0.999828602619
146,0.990945218009,0.990945218009,1.0
147,0.997029784541,0.997029784541,1.0
148,0.990813276837,0.990813276837,0.999898510041
149,0.997601247603,0.997601247603,1.0
150,1.0,1.0,1.0
151,0.994165503107,0.994165503107,0.994170268155
152,0.987759170605,0.987759170605,0.993955034645
153,0.981782531074,0.981782531074,0.987983525416
154,0.988541896699,0.988541896699,0.994742891041
155,0.99513493548,0.99513493548,1.0
156,0.987672249366,0.987672249366,0.99906471251
157,0.980071469663,0.980071469663,0.99803020028
158,0.972548832496,0.972548832496,0.99705293889
159,0.96507413863,0.96507413863,0.996110901308
160,0.957912486905,0.957912486905,0.995392356109
161,0.964624525843,0.964624525843,1.0
162,0.957252409029,0.957252409029,0.999132833712
163,0.962282422123,0.962282422123,1.0
164,0.952122213507,0.952122213507,0.997015337849
165,0.942418953916,0.942418953916,0.994390227074
166,0.949108655416,0.949108655416,1.0
167,0.956877422885,0.956877422885,1.0
168,0.951819139534,0.951819139534,0.994947111179
169,0.957591560846,0.957591560846,1.0
170,0.963892523565,0.963892523565,1.0
171,0.970623062659,0.970623062659,1.0
172,0.977312931502,0.977312931502,1.0
173,0.971342598164,0.971342598164,0.994036035537
174,0.976690738289,0.976690738289,0.999384175662
175,0.968160728778,0.968160728778,0.997665006415
176,0.974829987669,0.974829987669,1.0
177,0.981487037544,0.981487037544,1.0
178,0.975824654335,0.975824654335,0.994343788061
179,0.982475683492,0.982475683492,1.0
180,0.992083963585,0.992083963585,1.0
181,1.0,1.0,1.0
182,1.0,1.0,1.0
183,1.0,1.0,1.0
184,1.0,1.0,1.0
185,1.0,1.0,1.0
186,1.0,1.0,1.0
187,1.0,1.0,1.0
188,1.0,1.0,1.0
189,1.0,1.0,1.0
190,1.0,1.0,1.0
191,1.0,1.0,1.0
192,1.0,1.0,1.0
193,1.0,1.0,1.0
194,0.998314347701,0.998314347701,0.998316185333
195,0.996162097437,0.996162097437,0.996166281912
196,0.993999867329,0.993999867329,0.99400641009
197,1.0,1.0,1.0
198,1.0,1.0,1.0
199,0.999635562227,0.999635562227,0.999635959805
200,0.993132184888,0.993132184888,0.999368487859
201,0.987103069493,0.987103069493,0.993346190688
202,0.993772139243,0.993772139243,1.0
203,1.0,1.0,1.0
204,0.993199026903,0.993199026903,0.999537861716
205,0.999896502809,0.999896502809,1.0
206,1.0,1.0,1.0
207,0.995242344303,0.995242344303,0.995247891172
208,0.991179387442,0.991179387442,0.991189672477
209,0.998175100426,0.998175100426,0.998185385462
210,1.0,1.0,1.0
211,0.996479174891,0.996479174891,0.996483281882
212,0.992970265565,0.992970265565,0.992978466679
213,0.98837267159,0.98837267159,0.988386238434
214,0.98309624745,0.98309624745,0.983115973869
215,0.977278455324,0.977278455324,0.977304975092
216,0.972312478652,0.972312478652,0.972344798665
217,0.966431543639,0.966431543639,0.966470734368
218,0.960512916527,0.960512916527,0.960559023858
219,0.953949190654,0.953949190654,0.960259493031
220,0.960632536045,0.960632536045,0.966942838422
221,0.96728018092,0.96728018092,0.973590483297
222,0.974029677951,0.974029677951,0.980339980328
223,0.966074935054,0.966074935054,0.979063691014
224,0.957979177969,0.957979177969,0.977683526219
225,0.95005895462,0.95005895462,0.976434060363
226,0.942328724545,0.942328724545,0.975324702391
227,0.936998963995,0.936998963995,0.97000192837
228,0.943633160339,0.943633160339,0.976636124714
229,0.950314820339,0.950314820339,0.983317784714
230,0.945957492557,0.945957492557,0.978966170258
231,0.942031991326,0.942031991326,0.975045817475
232,0.948840851701,0.948840851701,0.98185467785
233,0.955515196201,0.955515196201,0.98852902235
234,0.962165177419,0.962165177419,0.995179003569
235,0.968849492232,0.968849492232,1.0
236,0.975503213044,0.975503213044,1.0
237,0.981849108263,0.981849108263,1.0
238,0.988475578576,0.988475578576,1.0
239,0.995163486638,0.995163486638,1.0
240,0.997300449826,0.997300449826,1.0
241,1.0,1.0,1.0
242,1.0,1.0,1.0
243,0.995081050161,0.995081050161,0.995087503209
244,0.994174122788,0.994174122788,0.994181765924
245,0.993234471608,0.993234471608,0.993243348042
246,0.992272787052,0.992272787052,0.992282925979
247,1.0,1.0,1.0
248,1.0,1.0,1.0
249,0.999205113747,0.999205113747,0.999206157497
250,1.0,1.0,1.0
251,1.0,1.0,1.0
252,0.999180276435,0.999180276435,0.99918135303
253,1.0,1.0,1.0
254,1.0,1.0,1.0
255,0.999681794781,0.999681794781,0.999682212791
256,0.99891779671,0.99891779671,0.99891921854
257,0.998483600001,0.998483600001,0.998485592445
258,1.0,1.0,1.0
259,1.0,1.0,1.0
260,0.993116124975,0.993116124975,0.9994963697
261,0.9997443306,0.9997443306,1.0
262,1.0,1.0,1.0
263,0.995199575124,0.995199575124,0.99520604923
264,0.991112419403,0.991112419403,0.99112440711
265,0.997708939263,0.997708939263,0.99772092697
266,1.0,1.0,1.0
267,0.996153663137,0.996153663137,0.99615885321
268,0.992443804721,0.992443804721,0.992454001992
269,0.987656435892,0.987656435892,0.987673096325
270,0.982151643516,0.982151643516,0.982175737619
271,0.976298905867,0.976298905867,0.976330905615
272,0.971612693232,0.971612693232,0.971651024632
273,0.965702226055,0.965702226055,0.965748545321
274,0.959527660115,0.959527660115,0.965696783047
275,0.952740767041,0.952740767041,0.965264613219
276,0.959366748494,0.959366748494,0.971890594672
277,0.965906777369,0.965906777369,0.978430623547
278,0.972508386119,0.972508386119,0.985032232297
279,0.967559174903,0.967559174903,0.980090160012
280,0.962452164661,0.962452164661,0.974990518264
281,0.969077214943,0.969077214943,0.981615568545
282,0.975408309943,0.975408309943,0.987946663545
283,0.969746200422,0.969746200422,0.982292725592
284,0.963249721744,0.963249721744,0.982052032366
285,0.957090578649,0.957090578649,0.982011094213
286,0.963727177805,0.963727177805,0.988647693369
287,0.969499050492,0.969499050492,0.994419566057
288,0.961961138864,0.961961138864,0.993466940665
289,0.954397663919,0.954397663919,0.992496541005
290,0.946701461365,0.946701461365,0.991430667311
291,0.938988889307,0.938988889307,0.990353545046
292,0.931826891114,0.931826891114,0.989670334264
293,0.938793112739,0.938793112739,0.996636555889
294,0.931425604753,0.931425604753,0.995809087604
295,0.936357955472,0.936357955472,1.0
296,0.925997509989,0.925997509989,0.996900524458
297,0.916187872159,0.916187872159,0.99423460039
298,0.922782271347,0.922782271347,1.0
299,0.92941264044,0.92941264044,1.0
300,0.926352041733,0.926352041733,0.996944768378
301,0.936352041733,0.936352041733,1.0
302,0.946352041733,0.946352041733,1.0
303,0.956352041733,0.956352041733,1.0
304,0.966352041733,0.966352041733,1.0
305,0.965935960854,0.965935960854,0.999584648946
306,0.975831646198,0.975831646198,1.0
307,0.973342495314,0.973342495314,0.997515216085
308,0.983342495314,0.983342495314,1.0
309,0.993342495314,0.993342495314,1.0
310,0.993198145399,0.993198145399,0.999855903395
311,1.0,1.0,1.0
312,1.0,1.0,1.0
313,1.0,1.0,1.0
314,1.0,1.0,1.0
315,1.0,1.0,1.0
316,1.0,1.0,1.0
317,1.0,1.0,1.0
318,1.0,1.0,1.0
319,1.0,1.0,1.0
320,1.0,1.0,1.0
321,1.0,1.0,1.0
322,1.0,1.0,1.0
323,1.0,1.0,1.0
324,1.0,1.0,1.0
325,1.0,1.0,1.0
326,0.992395437015,0.992395437015,0.999006504771
327,0.984269721288,0.984269721288,0.997631556615
328,0.976190202687,0.976190202687,0.996291574996
329,0.968116384087,0.968116384087,0.994956503736
330,0.960126698823,0.960126698823,0.993684329475
331,0.952126190462,0.952126190462,0.992404848217
332,0.946632516356,0.946632516356,0.986921679348
333,0.953267714606,0.953267714606,0.993556877598
334,0.960122975606,0.960122975606,1.0
335,0.955808065742,0.955808065742,0.995693343508
336,0.951439062304,0.951439062304,0.991332699094
337,0.958081622647,0.958081622647,0.997975259438
338,0.964655416335,0.964655416335,1.0
339,0.971231253116,0.971231253116,1.0
340,0.977825172772,0.977825172772,1.0
341,0.984436506772,0.984436506772,1.0
342,0.990822650272,0.990822650272,1.0
343,0.997360603147,0.997360603147,1.0
344,1.0,1.0,1.0
345,0.997170169556,0.997170169556,0.997175585165
346,1.0,1.0,1.0
347,1.0,1.0,1.0
348,0.988722827472,0.988722827472,0.996183126069
349,0.981993560572,0.981993560572,0.995805304796
350,0.975457231529,0.975457231529,0.995553005295
351,0.968865899117,0.968865899117,0.995266157605
352,0.975504771711,0.975504771711,1.0
353,0.981849138336,0.981849138336,1.0
354,0.975305937866,0.975305937866,0.999744432318
355,0.982196251241,0.982196251241,1.0
356,0.988042401397,0.988042401397,1.0
357,0.981405264554,0.981405264554,0.999684715871
358,0.988017766632,0.988017766632,1.0
359,0.994648874944,0.994648874944,1.0
360,0.994327991368,0.994327991368,0.999679800119
361,0.993562820991,0.993562820991,0.998916260384
362,0.993154713014,0.993154713014,0.998509022308
363,1.0,1.0,1.0
364,1.0,1.0,1.0
365,0.998341298043,0.998341298043,0.998344834359
366,0.99667231828,0.99667231828,0.996679413662
367,0.994752816855,0.994752816855,0.994764006502
368,0.992999188263,0.992999188263,0.993014119268
369,0.991399387033,0.991399387033,0.991417732015
370,1.0,1.0,1.0
371,0.998271319522,0.998271319522,0.998275009395
372,1.0,1.0,1.0
373,0.995496645819,0.995496645819,0.995506260521
374,1.0,1.0,1.0
375,1.0,1.0,1.0
376,0.99955372927,0.99955372927,0.999554682314
377,1.0,1.0,1.0
378,0.997429182692,0.997429182692,0.997434673983
379,1.0,1.0,1.0
380,1.0,1.0,1.0
381,0.994065572174,0.994065572174,0.994078251311
382,1.0,1.0,1.0
383,1.0,1.0,1.0
384,1.0,1.0,1.0
385,1.0,1.0,1.0
386,1.0,1.0,1.0
387,1.0,1.0,1.0
388,1.0,1.0,1.0
389,1.0,1.0,1.0
390,1.0,1.0,1.0
391,1.0,1.0,1.0
392,1.0,1.0,1.0
393,1.0,1.0,1.0
394,1.0,1.0,1.0
395,1.0,1.0,1.0
396,1.0,1.0,1.0
397,0.992516944146,0.992516944146,0.999110840279
398,0.984469758169,0.984469758169,0.997811859871
399,0.976405404982,0.976405404982,0.996500881684
400,0.968280273532,0.968280273532,0.995145597328
401,0.960106414894,0.960106414894,0.993754845513
402,0.952058716305,0.952058716305,0.992458247951
403,0.946509066945,0.946509066945,0.986921344628
404,0.953098680382,0.953098680382,0.993510958066
405,0.959732254507,0.959732254507,1.0
406,0.955256493488,0.955256493488,0.995534521371
407,0.95075091849,0.95075091849,0.991039299994
408,0.957383068834,0.957383068834,0.997671450337
409,0.963935197834,0.963935197834,1.0
410,0.970568656365,0.970568656365,1.0
411,0.977247379834,0.977247379834,1.0
412,0.98387109324,0.98387109324,1.0
413,0.990286936272,0.990286936272,1.0
414,0.996913820772,0.996913820772,1.0
415,1.0,1.0,1.0
416,0.997349842174,0.997349842174,0.997355933735
417,1.0,1.0,1.0
418,1.0,1.0,1.0
419,0.988701447832,0.988701447832,0.99618689764
420,0.987769920292,0.987769920292,0.995257528193
421,0.986918501069,0.986918501069,0.994408081913
422,0.986049107641,0.986049107641,0.993540703523
423,0.996049107641,0.996049107641,1.0
424,1.0,1.0,1.0
425,0.999148976348,0.999148976348,0.999150949245
426,1.0,1.0,1.0
427,1.0,1.0,1.0
428,0.99914177664,0.99914177664,0.999143766666
429,1.0,1.0,1.0
430,1.0,1.0,1.0
431,0.999498211234,0.999498211234,0.999499375026
432,0.998602804402,0.998602804402,0.998606045331
433,0.998058142339,0.998058142339,0.998062647039
434,1.0,1.0,1.0
435,1.0,1.0,1.0
436,0.998228238369,0.998228238369,0.998232350223
437,0.996521467844,0.996521467844,0.99652954167
438,0.994661001408,0.994661001408,0.994673395013
439,0.992913140274,0.992913140274,0.992929593178
440,0.985471219147,0.985471219147,0.992082737948
441,0.992101581678,0.992101581678,0.998713100479
442,0.984232216696,0.984232216696,0.997558351245
443,0.989034372383,0.989034372383,1.0
444,0.978460651265,0.978460651265,0.996772890622
445,0.968437312001,0.968437312001,0.9939798014
446,0.975019301876,0.975019301876,1.0
447,0.981603380876,0.981603380876,1.0
448,0.972081237138,0.972081237138,0.997598186867
449,0.97754843142,0.97754843142,1.0
450,0.983621758357,0.983621758357,1.0
451,0.990233524638,0.990233524638,1.0
452,0.996870501513,0.996870501513,1.0
453,0.990690246345,0.990690246345,0.999976387496
454,0.99603465522,0.99603465522,1.0
455,0.987271615411,0.987271615411,0.99818213109
456,0.993876698583,0.993876698583,1.0
457,1.0,1.0,1.0
458,0.994506772179,0.994506772179,0.994520653122
459,1.0,1.0,1.0
460,1.0,1.0,1.0
461,1.0,1.0,1.0
462,1.0,1.0,1.0
463,1.0,1.0,1.0
464,1.0,1.0,1.0
465,1.0,1.0,1.0
466,1.0,1.0,1.0
467,1.0,1.0,1.0
468,1.0,1.0,1.0
469,1.0,1.0,1.0
470,1.0,1.0,1.0
471,1.0,1.0,1.0
472,1.0,1.0,1.0
473,1.0,1.0,1.0
474,0.992214423873,0.992214423873,0.998911120067
475,0.983965666465,0.983965666465,0.997481964667
476,0.975749048962,0.975749048962,0.996077417382
477,0.982316428696,0.982316428696,1.0
478,0.989206742071,0.989206742071,1.0
479,0.98321025915,0.98321025915,0.994019150994
480,0.98240530056,0.98240530056,0.993216291654
481,0.981897967034,0.981897967034,0.992710281492
482,0.991897967034,0.991897967034,1.0
483,1.0,1.0,1.0
484,0.998906314226,0.998906314226,0.998909167672
485,1.0,1.0,1.0
486,1.0,1.0,1.0
487,1.0,1.0,1.0
488,1.0,1.0,1.0
489,1.0,1.0,1.0
490,1.0,1.0,1.0
491,1.0,1.0,1.0
492,1.0,1.0,1.0
493,1.0,1.0,1.0
494,0.999977878198,0.999977878198,0.999977935927
495,0.999658715776,0.999658715776,0.99965960652
496,0.999959141776,0.999959141776,0.99996003252
497,0.999545546754,0.999545546754,0.999547517198
498,0.999121050519,0.999121050519,0.999124129347
499,0.998213081626,0.998213081626,0.998218531703
500,1.0,1.0,1.0
501,1.0,1.0,1.0
502,1.0,1.0,1.0
503,0.991736421463,0.991736421463,0.998565768408
504,0.983321196379,0.983321196379,0.997019032686
505,0.97505716536,0.97505716536,0.995585887715
506,0.967012998391,0.967012998391,0.994316262461
507,0.961394199835,0.961394199835,0.988712722037
508,0.967922314585,0.967922314585,0.995240836787
509,0.974486206397,0.974486206397,1.0
510,0.969923918509,0.969923918509,0.995450104626
511,0.96542369956,0.96542369956,0.990962112861
512,0.97204170331,0.97204170331,0.997580116611
513,0.978623394591,0.978623394591,1.0
514,0.985192081529,0.985192081529,1.0
515,0.99183430906,0.99183430906,1.0
516,0.998429368247,0.998429368247,1.0
517,1.0,1.0,1.0
518,1.0,1.0,1.0
519,1.0,1.0,1.0
520,0.997452958488,0.997452958488,0.997459880698
521,1.0,1.0,1.0
522,1.0,1.0,1.0
523,0.988688693398,0.988688693398,0.996205125597
524,0.981874290728,0.981874290728,0.9958075355
525,0.975170610662,0.975170610662,0.995483139536
526,0.968459126945,0.968459126945,0.99515425274
527,0.975110713351,0.975110713351,1.0
528,0.981492028257,0.981492028257,1.0
529,0.974808180939,0.974808180939,0.999689597198
530,0.981394653376,0.981394653376,1.0
531,0.987191955282,0.987191955282,1.0
532,0.980561637017,0.980561637017,0.999724549697
533,0.987192305501,0.987192305501,1.0
534,0.99387102897,0.99387102897,1.0
535,0.987778277958,0.987778277958,0.993925133259
536,0.981161606929,0.981161606929,0.993659491299
537,0.975449441147,0.975449441147,0.987964335968
538,0.982410501365,0.982410501365,0.994925396186
539,0.989907576834,0.989907576834,1.0
540,0.988821665041,0.988821665041,0.998917322869
541,0.998821665041,0.998821665041,1.0
542,1.0,1.0,1.0
543,1.0,1.0,1.0
544,1.0,1.0,1.0
545,1.0,1.0,1.0
546,1.0,1.0,1.0
547,1.0,1.0,1.0
548,1.0,1.0,1.0
549,1.0,1.0,1.0
550,0.999975828811,0.999975828811,0.999975900827
551,0.999657883391,0.999657883391,0.999658902848
552,0.999936116516,0.999936116516,0.999937135973
553,0.999577498348,0.999577498348,0.999579586661
554,0.999114900989,0.999114900989,0.999118368346
555,0.997858012013,0.997858012013,0.997865227049
556,1.0,1.0,1.0
557,1.0,1.0,1.0
558,1.0,1.0,1.0
559,1.0,1.0,1.0
560,0.995377190195,0.995377190195,0.995390977282
561,1.0,1.0,1.0
562,1.0,1.0,1.0
563,0.994647224396,0.994647224396,0.994663192825
564,0.988269416948,0.988269416948,0.994548372363
565,0.982405464168,0.982405464168,0.988702209394
566,0.989235391387,0.989235391387,0.995532136612
567,0.995210096325,0.995210096325,1.0
568,0.987759315822,0.987759315822,0.999174419217
569,0.980359854569,0.980359854569,0.998385810005
570,0.972870556347,0.972870556347,0.997534202537
571,0.965446101941,0.965446101941,0.996729243473
572,0.958334910279,0.958334910279,0.99614346373
573,0.965206228029,0.965206228029,1.0
574,0.957857538635,0.957857538635,0.999249772465
575,0.96297309701,0.96297309701,1.0
576,0.95278838785,0.95278838785,0.997115733263
577,0.943114758077,0.943114758077,0.994630899007
578,0.949944928202,0.949944928202,1.0
579,0.956794505702,0.956794505702,1.0
580,0.948008181548,0.948008181548,0.998196594653
581,0.953789321423,0.953789321423,1.0
582,0.96015520583,0.96015520583,1.0
583,0.966980711986,0.966980711986,1.0
584,0.973813063673,0.973813063673,1.0
585,0.967886376268,0.967886376268,0.994092821918
586,0.973359790205,0.973359790205,0.999566235856
587,0.964871129663,0.964871129663,0.997988508138
588,0.971709348179,0.971709348179,1.0
589,0.978511463804,0.978511463804,1.0
590,0.972917606345,0.972917606345,0.994424702957
591,0.979699144126,0.979699144126,1.0
592,0.984970446657,0.984970446657,1.0
593,0.991765304814,0.991765304814,1.0
594,0.998554428189,0.998554428189,1.0
595,1.0,1.0,1.0
596,1.0,1.0,1.0
597,1.0,1.0,1.0
598,1.0,1.0,1.0
599,1.0,1.0,1.0
600,1.0,1.0,1.0
601,1.0,1.0,1.0
602,1.0,1.0,1.0
603,1.0,1.0,1.0
604,1.0,1.0,1.0
605,1.0,1.0,1.0
606,0.99833503628,0.99833503628,0.998340562151
607,0.996289289197,0.996289289197,0.996301606361
608,0.994300679819,0.994300679819,0.994319600222
609,0.992279128929,0.992279128929,0.992304763603
610,0.990319656228,0.990319656228,0.990351800592
611,0.988457338214,0.988457338214,0.988495671022
612,0.988527807089,0.988527807089,0.988566139897
613,0.998527807089,0.998527807089,0.998566139897
614,1.0,1.0,1.0
615,1.0,1.0,1.0
616,1.0,1.0,1.0
617,1.0,1.0,1.0
618,1.0,1.0,1.0
619,1.0,1.0,1.0
620,1.0,1.0,1.0
621,1.0,1.0,1.0
622,1.0,1.0,1.0
623,1.0,1.0,1.0
624,1.0,1.0,1.0
625,0.997468089796,0.997468089796,0.997476505334
626,1.0,1.0,1.0
627,1.0,1.0,1.0
628,0.988713113665,0.988713113665,0.99625318002
629,0.982117485408,0.982117485408,0.996017312702
630,0.975641962497,0.975641962497,0.995856059659
631,0.969159249364,0.969159249364,0.995690994347
632,0.975937984302,0.975937984302,1.0
633,0.982476089146,0.982476089146,1.0
634,0.975905646267,0.975905646267,0.999781562493
635,0.982689099455,0.982689099455,1.0
636,0.989241860142,0.989241860142,1.0
637,0.982798472622,0.982798472622,0.999859617561
638,0.989639958466,0.989639958466,1.0
639,0.995602622997,0.995602622997,1.0
640,0.989214940799,0.989214940799,0.999892862781
641,0.996009778283,0.996009778283,1.0
642,1.0,1.0,1.0
643,0.995280313941,0.995280313941,0.995297415863
644,0.98898268552,0.98898268552,0.995241801246
645,0.983025223555,0.983025223555,0.989306270107
646,0.989821766586,0.989821766586,0.996102813139
647,0.996430733961,0.996430733961,1.0
648,0.988801850884,0.988801850884,0.999065979194
649,0.981149002886,0.981149002886,0.99811546005
650,0.973428704028,0.973428704028,0.997117132862
651,0.965814704006,0.965814704006,0.996195803339
652,0.958507122093,0.958507122093,0.995491796067
653,0.965204922749,0.965204922749,1.0
654,0.957412815927,0.957412815927,0.998951898423
655,0.962353162677,0.962353162677,1.0
656,0.951861138466,0.951861138466,0.996896746126
657,0.958578541029,0.958578541029,1.0
658,0.965290579966,0.965290579966,1.0
659,0.95928286465,0.95928286465,0.99401562778
660,0.969252380744,0.969252380744,1.0
661,0.966737642861,0.966737642861,0.997495035911
662,0.976737642861,0.976737642861,1.0
663,0.986737642861,0.986737642861,1.0
664,0.986670512591,0.986670512591,0.999933130705
665,0.996670512591,0.996670512591,1.0
666,1.0,1.0,1.0
667,1.0,1.0,1.0
668,1.0,1.0,1.0
669,1.0,1.0,1.0
670,1.0,1.0,1.0
671,1.0,1.0,1.0
672,1.0,1.0,1.0
673,1.0,1.0,1.0
674,1.0,1.0,1.0
675,1.0,1.0,1.0
676,1.0,1.0,1.0
677,1.0,1.0,1.0
678,1.0,1.0,1.0
679,1.0,1.0,1.0
680,0.992426590789,0.992426590789,0.999111981739
681,0.984291609395,0.984291609395,0.997817275511
682,0.976161925075,0.976161925075,0.99652718767
683,0.967948743336,0.967948743336,0.995176222404
684,0.975708938539,0.975708938539,1.0
685,0.985369882227,0.985369882227,1.0
686,0.979634803058,0.979634803058,0.994287868561
687,0.973165087923,0.973165087923,0.994142171449
688,0.967056153293,0.967056153293,0.988057982637
689,0.973746022136,0.973746022136,0.994747851481
690,0.980272275668,0.980272275668,1.0
691,0.973234113702,0.973234113702,0.999489275421
692,0.979854100921,0.979854100921,1.0
693,0.98652862589,0.98652862589,1.0
694,0.981610232644,0.981610232644,0.995101714423
695,0.97742703415,0.97742703415,0.990935622613
696,0.984068357697,0.984068357697,0.997576946159
697,0.990726733103,0.990726733103,1.0
698,0.986819967405,0.986819967405,0.996109214844
699,0.982988637587,0.982988637587,0.99229356118
700,0.978003283536,0.978003283536,0.987328610489
701,0.97243866423,0.97243866423,0.98178677153
702,0.96644376107,0.96644376107,0.975816417029
703,0.961322436425,0.961322436425,0.97071606969
704,0.955222937263,0.955222937263,0.964641561391
705,0.949014090139,0.949014090139,0.964641162961
706,0.942656279081,0.942656279081,0.964566762114
707,0.949703226253,0.949703226253,0.971613709286
708,0.956516221097,0.956516221097,0.978426704129
709,0.963359216034,0.963359216034,0.985269699067
710,0.958542937124,0.958542937124,0.98047386288
711,0.953585210079,0.953585210079,0.975537184698
712,0.960310536672,0.960310536672,0.982262511292
713,0.966725025579,0.966725025579,0.988677000198
714,0.961079422452,0.961079422452,0.983055373016
715,0.954573485032,0.954573485032,0.982896818798
716,0.948470862724,0.948470862724,0.97682041251
717,0.955179542317,0.955179542317,0.983529092104
718,0.960998222036,0.960998222036,0.989347771823
719,0.953373841048,0.953373841048,0.988438978488
720,0.95171198723,0.95171198723,0.986784317381
721,0.949934131323,0.949934131323,0.985014158131
722,0.948352841017,0.948352841017,0.983439715195
723,0.946958822278,0.946958822278,0.982051734359
724,0.956958822278,0.956958822278,0.992051734359
725,0.955076945383,0.955076945383,0.990178010373
726,0.964432781664,0.964432781664,0.999533846654
727,0.960340595301,0.960340595301,0.995459393369
728,0.956760020444,0.956760020444,0.991894338756
729,0.966760020444,0.966760020444,1.0
730,0.976760020444,0.976760020444,1.0
731,0.973466919921,0.973466919921,0.996721177435
732,0.983466919921,0.983466919921,1.0
733,0.993466919921,0.993466919921,1.0
734,1.0,1.0,1.0
735,1.0,1.0,1.0
736,0.999480625588,0.999480625588,0.999482878042
737,1.0,1.0,1.0
738,0.997595591354,0.997595591354,0.997606021182
739,1.0,1.0,1.0
740,1.0,1.0,1.0
741,0.994144251804,0.994144251804,0.994169659289
742,1.0,1.0,1.0
743,1.0,1.0,1.0
744,1.0,1.0,1.0
745,1.0,1.0,1.0
746,1.0,1.0,1.0
747,1.0,1.0,1.0
748,1.0,1.0,1.0
749,1.0,1.0,1.0
750,1.0,1.0,1.0
751,1.0,1.0,1.0
752,1.0,1.0,1.0
753,1.0,1.0,1.0
754,1.0,1.0,1.0
755,1.0,1.0,1.0
756,1.0,1.0,1.0
757,1.0,1.0,1.0
758,0.990500440417,0.990500440417,0.997698791154
759,0.99594553126,0.99594553126,1.0
760,1.0,1.0,1.0
761,1.0,1.0,1.0
762,1.0,1.0,1.0
763,0.993878421365,0.993878421365,0.993905129329
764,0.999224699146,0.999224699146,0.99925140711
765,0.99051421276,0.99051421276,0.997552801116
766,0.99718310115,0.99718310115,1.0
767,1.0,1.0,1.0
768,0.994243908974,0.994243908974,0.994269175846
769,1.0,1.0,1.0
770,1.0,1.0,1.0
771,1.0,1.0,1.0
772,1.0,1.0,1.0
773,1.0,1.0,1.0
774,1.0,1.0,1.0
775,1.0,1.0,1.0
776,1.0,1.0,1.0
777,1.0,1.0,1.0
778,1.0,1.0,1.0
779,1.0,1.0,1.0
780,1.0,1.0,1.0
781,1.0,1.0,1.0
782,1.0,1.0,1.0
783,1.0,1.0,1.0
784,0.998429105098,0.998429105098,0.998436002617
785,0.996207680728,0.996207680728,0.996224334496
786,0.994001025751,0.994001025751,0.994027373349
787,0.991973576229,0.991973576229,0.992008832656
788,0.989900111823,0.989900111823,0.989944481553
789,0.988072286978,0.988072286978,0.988124692388
790,0.988024251203,0.988024251203,0.988076867845
791,0.998024251203,0.998024251203,0.998076867845
792,1.0,1.0,1.0
793,1.0,1.0,1.0
794,1.0,1.0,1.0
795,1.0,1.0,1.0
796,0.99908259522,0.99908259522,0.999086630086
797,0.998367389903,0.998367389903,0.998374571057
798,1.0,1.0,1.0
799,1.0,1.0,1.0
800,0.993215636824,0.993215636824,0.999680684421
801,0.999870067793,0.999870067793,1.0
802,1.0,1.0,1.0
803,0.993291462209,0.993291462209,0.999729872768
804,0.999964686068,0.999964686068,1.0
805,1.0,1.0,1.0
806,0.994205357436,0.994205357436,0.994231344881
807,0.987798717623,0.987798717623,0.994145153022
808,0.981798677805,0.981798677805,0.988172353145
809,0.988648255305,0.988648255305,0.995021930645
810,0.995567741523,0.995567741523,1.0
811,0.988869553303,0.988869553303,0.999738738346
812,0.995728817615,0.995728817615,1.0
813,1.0,1.0,1.0
814,0.995289078642,0.995289078642,0.995310677135
815,0.991294805035,0.991294805035,0.9913347214
816,0.998066590566,0.998066590566,0.998106506931
817,1.0,1.0,1.0
818,0.990770527348,0.990770527348,0.997920402076
819,0.996429192973,0.996429192973,1.0
820,1.0,1.0,1.0
821,1.0,1.0,1.0
822,1.0,1.0,1.0
823,0.993978001205,0.993978001205,0.994005769502
824,0.999462696455,0.999462696455,0.999490464752
825,0.990950916195,0.990950916195,0.99795458587
826,0.997794096899,0.997794096899,1.0
827,1.0,1.0,1.0
828,0.994370326064,0.994370326064,0.994396442164
829,1.0,1.0,1.0
830,1.0,1.0,1.0
831,1.0,1.0,1.0
832,1.0,1.0,1.0
833,1.0,1.0,1.0
834,1.0,1.0,1.0
835,1.0,1.0,1.0
836,1.0,1.0,1.0
837,1.0,1.0,1.0
838,1.0,1.0,1.0
839,1.0,1.0,1.0
840,1.0,1.0,1.0
841,1.0,1.0,1.0
842,1.0,1.0,1.0
843,1.0,1.0,1.0
844,0.998423811861,0.998423811861,0.998431125868
845,0.996190149186,0.996190149186,0.996207830621
846,0.994239028878,0.994239028878,0.994265768634
847,0.992230121845,0.992230121845,0.992266190539
848,0.990269659866,0.990269659866,0.990314834815
849,0.988446865574,0.988446865574,0.988500509438
850,0.988392913563,0.988392913563,0.988446808157
851,0.998392913563,0.998392913563,0.998446808157
852,1.0,1.0,1.0
853,1.0,1.0,1.0
854,1.0,1.0,1.0
855,1.0,1.0,1.0
856,0.999115825025,0.999115825025,0.999119934726
857,0.998408970668,0.998408970668,0.998416366626
858,1.0,1.0,1.0
859,1.0,1.0,1.0
860,0.993407032474,0.993407032474,0.999812425491
861,1.0,1.0,1.0
862,1.0,1.0,1.0
863,0.993489416923,0.993489416923,0.999862642864
864,1.0,1.0,1.0
865,0.994028627233,0.994028627233,0.99405697376
866,0.987497997578,0.987497997578,0.993908766471
867,0.981461456159,0.981461456159,0.987901186459
868,0.988302942003,0.988302942003,0.994742672302
869,0.994944060753,0.994944060753,1.0
870,0.988087436441,0.988087436441,0.999648238133
871,0.994878624847,0.994878624847,1.0
872,1.0,1.0,1.0
873,0.99637644614,0.99637644614,0.996393984031
874,0.992513752773,0.992513752773,0.992549991007
875,0.999333795977,0.999333795977,0.999370034211
876,1.0,1.0,1.0
877,0.996181812798,0.996181812798,0.99620030268
878,0.992384626929,0.992384626929,0.992421509966
879,0.987502712311,0.987502712311,0.987563249206
880,0.981899076027,0.981899076027,0.981986771222
881,0.975919016889,0.975919016889,0.976035702929
882,0.970825436107,0.970825436107,0.970966822453
883,0.964692530158,0.964692530158,0.964863665133
884,0.958359985577,0.958359985577,0.964832597908
885,0.951510918147,0.951510918147,0.964492135792
886,0.958202531819,0.958202531819,0.971183749464
887,0.9648389761,0.9648389761,0.977820193745
888,0.971551015038,0.971551015038,0.984532232682
889,0.96664189023,0.96664189023,0.97964744222
890,0.96162332149,0.96162332149,0.974653757273
891,0.96838151149,0.96838151149,0.981411947273
892,0.974793007803,0.974793007803,0.987823443586
893,0.96905359051,0.96905359051,0.982112492261
894,0.963900829733,0.963900829733,0.976985295053
895,0.961663615652,0.961663615652,0.974759183222
896,0.968579486965,0.968579486965,0.981675054534
897,0.974476127496,0.974476127496,0.987571695065
898,0.966755129312,0.966755129312,0.986635806935
899,0.958954777046,0.958954777046,0.985643767395
900,0.957183091123,0.957183091123,0.983880986642
901,0.955353541216,0.955353541216,0.982060635045
902,0.954039456866,0.954039456866,0.980753159086
903,0.964039456866,0.964039456866,0.990753159086
904,0.962480829586,0.962480829586,0.98920237187
905,0.971851083117,0.971851083117,0.998572625402
906,0.967475547674,0.967475547674,0.994219104794
907,0.963802552662,0.963802552662,0.990564594995
908,0.973802552662,0.973802552662,1.0
909,0.983802552662,0.983802552662,1.0
910,0.980587601035,0.980587601035,0.996801232755
911,0.990535899535,0.990535899535,1.0
912,1.0,1.0,1.0
913,1.0,1.0,1.0
914,1.0,1.0,1.0
915,0.99952301732,0.99952301732,0.999525419138
916,1.0,1.0,1.0
917,0.99755303181,0.99755303181,0.997565356044
918,1.0,1.0,1.0
919,1.0,1.0,1.0
920,0.994150002984,0.994150002984,0.994179474312
921,1.0,1.0,1.0
922,0.992095255723,0.992095255723,0.998939453174
923,0.983724164595,0.983724164595,0.99753850434
924,0.975404538522,0.975404538522,0.9961763368
925,0.967010930123,0.967010930123,0.994760237353
926,0.958686311054,0.958686311054,0.993395891512
927,0.95052034081,0.95052034081,0.992148948131
928,0.944883985667,0.944883985667,0.986541963316
929,0.951491082448,0.951491082448,0.993149060097
930,0.958100833385,0.958100833385,0.999758811034
931,0.953588180026,0.953588180026,0.995269679236
932,0.949120633205,0.949120633205,0.990825425336
933,0.95581593308,0.95581593308,0.997520725211
934,0.949101858354,0.949101858354,0.997281697611
935,0.94229273462,0.94229273462,0.996983014874
936,0.949298153214,0.949298153214,1.0
937,0.95611817537,0.95611817537,1.0
938,0.949661487901,0.949661487901,0.999916283543
939,0.956504482839,0.956504482839,1.0
940,0.962475164214,0.962475164214,1.0
941,0.955936496733,0.955936496733,0.999869567392
942,0.965588868155,0.965588868155,1.0
943,0.959765172183,0.959765172183,0.994207811638
944,0.953195460207,0.953195460207,0.994060071965
945,0.946992077561,0.946992077561,0.98789057135
946,0.953681946405,0.953681946405,0.994580440193
947,0.949811679631,0.949811679631,0.990731318393
948,0.944810934913,0.944810934913,0.985757902424
949,0.939079568647,0.939079568647,0.980057866534
950,0.932945769088,0.932945769088,0.973957606844
951,0.927695118814,0.927695118814,0.968735675628
952,0.92146135264,0.92146135264,0.962536015453
953,0.915146796257,0.915146796257,0.962530607088
954,0.908200972155,0.908200972155,0.962151090565
955,0.914847835858,0.914847835858,0.968797954268
956,0.921435947326,0.921435947326,0.975386065737
957,0.928045698264,0.928045698264,0.981995816674
958,0.92418382521,0.92418382521,0.978155538135
959,0.91925595191,0.91925595191,0.97325522768
960,0.919282029785,0.919282029785,0.973281305555
961,0.919029720002,0.919029720002,0.973030407402
962,0.91944623569,0.91944623569,0.97344692309
963,0.919180426418,0.919180426418,0.973182601278
964,0.918871505821,0.918871505821,0.972875409747
965,0.918052204474,0.918052204474,0.972060695081
966,0.928052204474,0.928052204474,0.982060695081
967,0.938052204474,0.938052204474,0.992060695081
968,0.948052204474,0.948052204474,1.0
969,0.948578793349,0.948578793349,1.0
970,0.948959496256,0.948959496256,1.0
971,0.958959496256,0.958959496256,1.0
972,0.968959496256,0.968959496256,1.0
973,0.968956209432,0.968956209432,0.999996731582
974,0.968226350774,0.968226350774,0.999270960348
975,0.96789365435,0.96789365435,0.998940127548
976,0.97789365435,0.97789365435,1.0
977,0.98789365435,0.98789365435,1.0
978,0.986327052795,0.986327052795,0.998442175728
979,0.9847333942,0.9847333942,0.996857448231
980,0.97685089726,0.97685089726,0.995835536158
981,0.968972554977,0.968972554977,0.994817341296
982,0.961390102861,0.961390102861,0.994010550089
983,0.968395521454,0.968395521454,1.0
984,0.961110799392,0.961110799392,0.999400878029
985,0.966246625955,0.966246625955,1.0
986,0.955732784603,0.955732784603,0.996988331147
987,0.945714312811,0.945714312811,0.994363669079
988,0.952507832874,0.952507832874,1.0
989,0.959233159467,0.959233159467,1.0
990,0.949698196114,0.949698196114,0.997749197498
991,0.955280978333,0.955280978333,1.0
992,0.961530592208,0.961530592208,1.0
993,0.968263226426,0.968263226426,1.0
994,0.97497190602,0.97497190602,1.0
995,0.968783894559,0.968783894559,0.993847923143
996,0.974228963465,0.974228963465,0.99929299205
997,0.965388619063,0.965388619063,0.997571361683
998,0.97202352486,0.97202352486,1.0
999,0.978741484391,0.978741484391,1.0
1000,0.972952450547,0.972952450547,0.994244747219
1001,0.979696311984,0.979696311984,1.0
1002,0.971834862076,0.971834862076,0.999000435235
1003,0.963421810704,0.963421810704,0.99759955059
1004,0.955086503983,0.955086503983,0.996256771236
1005,0.947145041115,0.947145041115,0.995201840926
1006,0.93899834507,0.93899834507,0.993998795936
1007,0.930913288051,0.930913288051,0.992841380845
1008,0.925218605432,0.925218605432,0.987180966378
1009,0.931840947276,0.931840947276,0.993803308222
1010,0.938494668088,0.938494668088,1.0
1011,0.933821464313,0.933821464313,0.995354925665
1012,0.92922991527,0.92922991527,0.990791022349
1013,0.935917823332,0.935917823332,0.997478930411
1014,0.929114919225,0.929114919225,0.997209167485
1015,0.922234759294,0.922234759294,0.996890665671
1016,0.928823300137,0.928823300137,1.0
1017,0.935233358231,0.935233358231,1.0
1018,0.928392031957,0.928392031957,0.999707025685
1019,0.924396720546,0.924396720546,0.995736304743
1020,0.924992835358,0.924992835358,0.996332419555
1021,0.925059528358,0.925059528358,0.996399112555
1022,0.924841284518,0.924841284518,0.996182212342
1023,0.925239114049,0.925239114049,0.996580041873
1024,0.924982479986,0.924982479986,0.996324988107
1025,0.924617999356,0.924617999356,0.995962752331
1026,0.923817659738,0.923817659738,0.995167343098
1027,0.933817659738,0.933817659738,1.0
1028,0.943817659738,0.943817659738,1.0
1029,0.953817659738,0.953817659738,1.0
1030,0.954349824957,0.954349824957,1.0
1031,0.954781320394,0.954781320394,1.0
1032,0.964781320394,0.964781320394,1.0
1033,0.974781320394,0.974781320394,1.0
1034,0.974760967315,0.974760967315,0.999979772332
1035,0.974042840049,0.974042840049,0.999266070716
1036,0.973742685564,0.973742685564,0.998967766438
1037,0.983742685564,0.983742685564,1.0
1038,0.993742685564,0.993742685564,1.0
1039,0.992179390228,0.992179390228,0.99844634312
1040,0.984328116619,0.984328116619,0.997467296454
1041,0.976345744861,0.976345744861,0.996394727249
1042,0.968452980195,0.968452980195,0.995387402123
1043,0.960856987908,0.960856987908,0.994591687803
1044,0.967500157064,0.967500157064,1.0
1045,0.959665287229,0.959665287229,0.99903562104
1046,0.96484321626,0.96484321626,1.0
1047,0.954097460021,0.954097460021,0.996831589403
1048,0.943700406813,0.943700406813,0.993937024267
1049,0.950281316032,0.950281316032,1.0
1050,0.956932631688,0.956932631688,1.0
1051,0.947220102269,0.947220102269,0.997636766277
1052,0.952678261019,0.952678261019,1.0
1053,0.958795794644,0.958795794644,1.0
1054,0.965398876019,0.965398876019,1.0
1055,0.9720239263,0.9720239263,1.0
1056,0.965666241369,0.965666241369,0.999995179709
1057,0.970980947056,0.970980947056,1.0
1058,0.962040047015,0.962040047015,0.998225882642
1059,0.968624179968,0.968624179968,1.0
1060,0.975260779125,0.975260779125,1.0
1061,0.969346762989,0.969346762989,0.994124447893
1062,0.976034225083,0.976034225083,1.0
1063,0.981164718864,0.981164718864,1.0
1064,0.98778272702,0.98778272702,1.0
1065,0.994372811458,0.994372811458,1.0
1066,1.0,1.0,1.0
1067,1.0,1.0,1.0
1068,1.0,1.0,1.0
1069,1.0,1.0,1.0
1070,1.0,1.0,1.0
1071,1.0,1.0,1.0
1072,1.0,1.0,1.0
1073,1.0,1.0,1.0
1074,1.0,1.0,1.0
1075,1.0,1.0,1.0
1076,1.0,1.0,1.0
1077,1.0,1.0,1.0
1078,0.990196566138,0.990196566138,0.997570189673
1079,0.995687018669,0.995687018669,1.0
1080,1.0,1.0,1.0
1081,1.0,1.0,1.0
1082,1.0,1.0,1.0
1083,0.999689131149,0.999689131149,0.999691161035
1084,1.0,1.0,1.0
1085,0.997549211216,0.997549211216,0.997565217556
1086,1.0,1.0,1.0
1087,1.0,1.0,1.0
1088,0.999950179741,0.999950179741,0.999950505208
1089,1.0,1.0,1.0
1090,1.0,1.0,1.0
1091,1.0,1.0,1.0
1092,1.0,1.0,1.0
1093,1.0,1.0,1.0
1094,1.0,1.0,1.0
1095,1.0,1.0,1.0
1096,1.0,1.0,1.0
1097,1.0,1.0,1.0
1098,1.0,1.0,1.0
1099,1.0,1.0,1.0
1100,1.0,1.0,1.0
1101,1.0,1.0,1.0
1102,1.0,1.0,1.0
1103,1.0,1.0,1.0
1104,0.992109036182,0.992109036182,0.999002899576
1105,0.983523772864,0.983523772864,0.997499374038
1106,0.975094619211,0.975094619211,0.996112142803
1107,0.966673906334,0.966673906334,0.994731913381
1108,0.958554715925,0.958554715925,0.993573109586
1109,0.950407977554,0.950407977554,0.992395045067
1110,0.944715521794,0.944715521794,0.986740809073
1111,0.951296109169,0.951296109169,0.993321396448
1112,0.957944653013,0.957944653013,0.999969940292
1113,0.953228929244,0.953228929244,0.99528588761
1114,0.948551833154,0.948551833154,0.990640212121
1115,0.955163167154,0.955163167154,0.997251546121
1116,0.948307318629,0.948307318629,0.996968443753
1117,0.941264358431,0.941264358431,0.996564777894
1118,0.947805273431,0.947805273431,1.0
1119,0.954084566869,0.954084566869,1.0
1120,0.947178451747,0.947178451747,0.999686025854
1121,0.953800854903,0.953800854903,1.0
1122,0.959596540841,0.959596540841,1.0
1123,0.952714103005,0.952714103005,0.999701825538
1124,0.959364541302,0.959364541302,1.0
1125,0.966028691896,0.966028691896,1.0
1126,0.959746414386,0.959746414386,0.993761037286
1127,0.952801226662,0.952801226662,0.993423760354
1128,0.946461685388,0.946461685388,0.987128216138
1129,0.953351998763,0.953351998763,0.994018529513
1130,0.959876603138,0.959876603138,1.0
1131,0.95254313815,0.95254313815,0.999405183662
1132,0.95915199115,0.95915199115,1.0
1133,0.965783099462,0.965783099462,1.0
1134,0.960599887701,0.960599887701,0.994852965803
1135,0.956097305371,0.956097305371,0.990381819471
1136,0.962650356871,0.962650356871,0.996934870971
1137,0.96926238434,0.96926238434,1.0
1138,0.973268230715,0.973268230715,1.0
1139,0.978556416871,0.978556416871,1.0
1140,0.988556416871,0.988556416871,1.0
1141,0.99488806584,0.99488806584,1.0
1142,1.0,1.0,1.0
1143,1.0,1.0,1.0
1144,1.0,1.0,1.0
1145,1.0,1.0,1.0
1146,1.0,1.0,1.0
1147,1.0,1.0,1.0
1148,0.9983744903,0.9983744903,0.998385842458
1149,0.996332877777,0.996332877777,0.996358491668
1150,0.99430335045,0.99430335045,0.994343145341
1151,0.992248855156,0.992248855156,0.992303009237
1152,0.990186223378,0.990186223378,0.99025479727
1153,0.988342524876,0.988342524876,0.98842399138
1154,0.988349088501,0.988349088501,0.988430555005
1155,0.998349088501,0.998349088501,0.998430555005
1156,1.0,1.0,1.0
1157,1.0,1.0,1.0
1158,1.0,1.0,1.0
1159,1.0,1.0,1.0
1160,1.0,1.0,1.0
1161,1.0,1.0,1.0
1162,1.0,1.0,1.0
1163,1.0,1.0,1.0
1164,1.0,1.0,1.0
1165,1.0,1.0,1.0
1166,1.0,1.0,1.0
1167,0.99712166357,0.99712166357,0.997141796378
1168,1.0,1.0,1.0
1169,1.0,1.0,1.0
1170,0.98873185092,0.98873185092,0.996449693854
1171,0.981926015721,0.981926015721,0.996208591802
1172,0.975199172802,0.975199172802,0.996016936828
1173,0.968313569235,0.968313569235,0.995726721753
1174,0.974989084673,0.974989084673,1.0
1175,0.981329899204,0.981329899204,1.0
1176,0.974331768267,0.974331768267,0.99963792593
1177,0.980951648986,0.980951648986,1.0
1178,0.986768386955,0.986768386955,1.0
1179,0.979899379019,0.979899379019,0.999721590945
1180,0.98651554691,0.98651554691,1.0
1181,0.993102019347,0.993102019347,1.0
1182,0.98679304618,0.98679304618,0.993736749666
1183,0.979872583588,0.979872583588,0.993426770975
1184,0.973451656092,0.973451656092,0.993410461842
1185,0.980130379561,0.980130379561,1.0
1186,0.986597698748,0.986597698748,1.0
1187,0.978642513964,0.978642513964,0.998981604431
1188,0.97062834754,0.97062834754,0.997921579311
1189,0.962556596858,0.962556596858,0.996820794469
1190,0.954585576718,0.954585576718,0.995793295557
1191,0.947265078361,0.947265078361,0.9952223591
1192,0.95395226558,0.95395226558,1.0
1193,0.945956479907,0.945956479907,0.998956222296
1194,0.95079648997,0.95079648997,1.0
1195,0.939835159954,0.939835159954,0.99670563719
1196,0.946334134579,0.946334134579,1.0
1197,0.952894416829,0.952894416829,1.0
1198,0.946428072486,0.946428072486,0.999965178875
1199,0.951717527736,0.951717527736,1.0
